OAPLJQUMWI,OAP,Brazil,Dolar,43,1,980660862,1,0,1,1,0,1,337,000000,0,000000
QRQMOOO VA,QRQ,Italia,Euro,144,7,984280416,1,0,1,1,0,1,971,000000,0,000000
DHÑHWBYAVO,DHÑ,Colombia,Sol,237,5,978684439,1,0,1,1,1,0,707,000000,0,000000
VOTDBHUJC,VOT,Argentina,Sol,209,8,949464092,1,1,1,0,1,1,977,000000,0,000000
UÑLGIIXFLJ,UÑL,Argentina,Sol,217,5,909638509,0,1,1,0,1,0,229,000000,0,000000
ZOTYPLDUEF,ZOT,Mexico,Sol,112,4,940058160,1,0,1,1,1,0,306,000000,0,000000
JJGMAWW BG,JJG,Brazil,Peso,116,1,942706818,0,1,1,1,0,1,24,000000,0,000000
ZÑLOKXLÑKÑ,ZÑL,Canada,Dolar,152,0,943158954,1,1,1,0,0,1,752,000000,0,000000
DPACH NU ,DPA,Argentina,Peso,177,8,942051486,1,0,1,1,0,0,247,000000,0,000000
AMWKVLTN Q,AMW,Argentina,Dolar,20,2,921135110,0,1,1,0,0,1,55,000000,0,000000
QJGHDQNRGD,QJG,Mexico,Euro,58,1,906227876,1,1,1,0,0,1,25,000000,0,000000
JMWWKL EE ,JMW,Francia,Sol,142,2,974919362,0,1,1,0,0,1,357,000000,0,000000
ÑGFHYÑ J Z,ÑGF,Mexico,Sol,68,0,975245380,0,1,1,0,1,0,368,000000,0,000000
JPTZCTJKLK,JPT,Canada,Sol,215,0,915342329,0,1,1,0,1,0,449,000000,0,000000
ISQPUA W ,ISQ,Mexico,Peso,3,4,962455494,1,0,1,0,1,1,306,000000,0,000000
MPTKOKÑB,MPT,Argentina,Dolar,178,5,956699174,0,1,1,0,1,1,492,000000,0,000000
BYKTWOÑLF ,BYK,Canada,Peso,135,7,958440713,1,0,1,1,0,0,522,000000,0,000000
LSQWEJFPÑ ,LSQ,Francia,Sol,70,9,939113482,0,1,1,0,1,1,495,000000,0,000000
KBPHB Z ÑZ,KBP,Argentina,Sol,27,0,902195457,1,1,1,1,1,0,304,000000,0,000000
NSQYKÑ LBI,NSQ,Mexico,Sol,196,7,933017895,1,1,1,1,1,0,226,000000,0,000000
OHJSPPQYS,OHJ,Estados Unidos,Dolar,33,1,917269792,1,1,1,0,0,0,455,000000,0,000000
YYKQO DGQM,YYK,Italia,Sol,105,4,959178446,0,0,1,1,0,0,869,000000,0,000000
VIÑT HJHV,VIÑ,Mexico,Dolar,25,8,920982140,0,0,1,0,0,0,662,000000,0,000000
JNWFCUB  L,JNW,Mexico,Euro,215,9,985888684,0,1,1,1,0,1,962,000000,0,000000
ONWVGBEFIH,ONW,Espanha,Euro,10,4,923725009,1,1,1,0,0,0,234,000000,0,000000
TKZUTIAÑFÑ,TKZ,Espanha,Peso,246,2,949270049,0,0,1,0,0,1,735,000000,0,000000
PQTB OSET,PQT,Argentina,Euro,94,4,911969128,0,1,1,0,0,1,764,000000,0,000000
ALGJHVLFPL,ALG,Argentina,Sol,78,5,921816547,0,0,1,1,1,1,236,000000,0,000000
KWNEDAABS ,KWN,Peru,Euro,217,7,943133210,1,0,1,1,1,1,665,000000,0,000000
KZKICCT BB,KZK,Espanha,Peso,196,7,921893762,0,1,1,0,1,1,811,000000,0,000000
ZQTAQTPSWY,ZQT,Peru,Peso,189,5,910798345,1,1,1,1,0,1,118,000000,0,000000
SIJCTOÑBT,SIJ,Argentina,Euro,177,0,934870732,1,1,1,0,0,0,804,000000,0,000000
RJÑKJGN MK,RJÑ,Peru,Sol,144,6,917980298,1,1,1,1,1,1,391,000000,0,000000
XZK GS DK,XZK,Peru,Sol,74,5,966676771,1,1,1,0,1,0,765,000000,0,000000
CRTACLI  X,CRT,Argentina,Euro,3,9,969430179,1,1,1,1,0,0,45,000000,0,000000
ZIJL GKCUB,ZIJ,Italia,Peso,66,6,986335673,1,0,1,1,0,0,500,000000,0,000000
JASAHRTTÑP,JAS,Brazil,Euro,146,7,990930447,1,0,1,0,1,1,792,000000,0,000000
MRTBIQPIL ,MRT,Francia,Dolar,40,3,913610152,0,0,1,0,0,1,183,000000,0,000000
LDPBXYXWS ,LDP,Italia,Dolar,148,4,944707144,1,0,1,0,1,1,964,000000,0,000000
TXNCZXKCH,TXN,Estados Unidos,Dolar,167,1,982119762,1,1,1,0,0,1,918,000000,0,000000
PKÑIUUQNJ,PKÑ,Peru,Euro,155,2,930038445,0,0,1,0,0,0,33,000000,0,000000
EBSZTIKQÑS,EBS,Argentina,Sol,247,2,990740381,0,1,1,1,0,1,191,000000,0,000000
KPWUURYJWQ,KPW,Francia,Dolar,147,8,916416861,0,0,1,1,0,1,90,000000,0,000000
MNGXFDW YW,MNG,Italia,Dolar,168,6,917567908,1,1,1,0,1,0,588,000000,0,000000
CNZNL  U,CNZ,Mexico,Sol,30,2,985365974,1,0,1,0,1,1,124,000000,0,000000
FTAMQVMYRW,FTA,Estados Unidos,Euro,34,7,978573688,0,0,1,0,0,1,462,000000,0,000000
OQDUPEYDZS,OQD,Canada,Euro,2,8,986811089,0,0,1,1,1,0,170,000000,0,000000
XNGDQGWF A,XNG,Estados Unidos,Sol,64,3,939769709,0,1,1,1,0,0,695,000000,0,000000
FIMÑ BVOG,FIM,Francia,Sol,14,8,948765281,0,1,1,1,1,1,158,000000,0,000000
SWQTDKMGXJ,SWQ,Brazil,Euro,144,7,900216221,1,1,1,0,0,1,264,000000,0,000000
TFPEZX CLN,TFP,Argentina,Peso,170,7,942072572,0,0,1,0,0,1,410,000000,0,000000
IMÑRMZ LRR,IMÑ,Brazil,Euro,86,1,959290115,1,0,1,0,0,1,718,000000,0,000000
XIMOAÑMWN,XIM,Canada,Dolar,182,3,925201617,1,1,1,1,1,1,366,000000,0,000000
BRWKRCDGM,BRW,Argentina,Sol,250,8,956602688,1,0,1,1,1,1,568,000000,0,000000
DAVÑRI  LW,DAV,Francia,Dolar,189,5,959343928,1,0,1,1,1,1,815,000000,0,000000
QRDM DIFÑH,QRD,Francia,Dolar,199,6,916670498,1,0,1,0,1,1,648,000000,0,000000
EDSBMTYSNL,EDS,Estados Unidos,Sol,203,2,973226527,0,0,1,1,0,0,949,000000,0,000000
GUTSPV Z M,GUT,Canada,Sol,58,5,920760868,1,0,1,1,1,1,7,000000,0,000000
FXQGQYYÑHL,FXQ,Espanha,Dolar,18,3,907230634,1,0,1,0,1,0,142,000000,0,000000
UOZDBWWXJN,UOZ,Colombia,Sol,205,5,918586716,0,1,1,0,0,1,764,000000,0,000000
ZACAABY  K,ZAC,Mexico,Dolar,112,4,936392198,0,1,1,0,0,1,198,000000,0,000000
KGPNYDA AH,KGP,Italia,Dolar,104,5,980420918,1,1,1,1,1,0,878,000000,0,000000
WRWUSÑREUH,WRW,Colombia,Dolar,99,4,938474646,0,1,1,0,0,1,169,000000,0,000000
RGPJEBVDN,RGP,Canada,Sol,210,4,909557808,0,1,1,1,1,0,903,000000,0,000000
PJMXUGFZUN,PJM,Estados Unidos,Sol,110,6,917253613,1,0,1,0,1,0,785,000000,0,000000
FSDCPEWRVN,FSD,Colombia,Sol,56,0,990061389,1,0,1,0,0,0,618,000000,0,000000
YXQUQJRYYI,YXQ,Peru,Peso,219,3,993967997,0,1,1,1,1,0,658,000000,0,000000
LNÑBAKGETJ,LNÑ,Francia,Dolar,142,6,928456521,1,0,1,0,1,0,985,000000,0,000000
ONÑRHFOPU,ONÑ,Colombia,Euro,194,7,915110250,1,0,1,1,0,1,118,000000,0,000000
VBCYE ÑAXW,VBC,Argentina,Euro,200,3,920608803,1,0,1,1,1,1,298,000000,0,000000
KYQMZPUNPZ,KYQ,Colombia,Peso,174,5,960084119,1,0,1,1,1,1,162,000000,0,000000
IQGTIRCW R,IQG,Colombia,Dolar,129,9,977893056,1,1,1,1,0,1,583,000000,0,000000
JOÑPICK LT,JOÑ,Italia,Dolar,183,2,959108507,1,0,1,1,0,1,48,000000,0,000000
CQZYJZFQWZ,CQZ,Brazil,Peso,90,9,959246289,1,1,1,1,1,0,884,000000,0,000000
NOÑLGSLSY ,NOÑ,Mexico,Sol,63,6,940193889,1,1,1,0,1,0,503,000000,0,000000
NQGLLZNCS,NQG,Italia,Euro,86,3,926516442,1,0,1,0,1,0,802,000000,0,000000
SQGIODPSZS,SQG,Argentina,Sol,136,4,979094506,1,1,1,0,1,0,489,000000,0,000000
TOÑÑTYP G,TOÑ,Francia,Sol,207,6,963826413,0,1,1,1,0,1,106,000000,0,000000
EIPOGDWUIA,EIP,Peru,Euro,165,4,922788199,0,0,1,0,1,1,373,000000,0,000000
GIP MTHNK,GIP,Peru,Dolar,142,1,975918178,0,0,1,1,0,0,658,000000,0,000000
NZQHP NDAY,NZQ,Brazil,Euro,15,0,982519288,0,0,1,0,0,1,460,000000,0,000000
GÑBZQAFPS,GÑB,Italia,Euro,107,3,933180406,1,1,1,0,0,1,26,000000,0,000000
JOJK CEMK,JOJ,Italia,Sol,11,6,991940746,0,0,1,0,0,1,543,000000,0,000000
KOJSXKHOZ ,KOJ,Brazil,Peso,1,4,907796981,0,0,1,1,1,1,693,000000,0,000000
KÑBTÑLKRS ,KÑB,Canada,Euro,100,3,959328786,1,1,1,1,0,0,763,000000,0,000000
QLMULDQK T,QLM,Italia,Peso,13,6,901657541,0,0,1,1,0,0,71,000000,0,000000
JRGDGXZZDW,JRG,Argentina,Sol,174,0,920802483,1,0,1,1,1,1,501,000000,0,000000
SOJDTI GJX,SOJ,Estados Unidos,Euro,65,3,908091300,1,1,1,0,1,1,259,000000,0,000000
JDCBUWÑMRG,JDC,Brazil,Euro,17,8,973393550,1,0,1,1,0,0,749,000000,0,000000
XOJCWQVMJH,XOJ,Mexico,Dolar,1,4,953061681,0,0,1,0,1,1,378,000000,0,000000
TXAAJE RNW,TXA,Argentina,Peso,32,2,939306062,0,0,1,1,0,1,322,000000,0,000000
BQÑIJALKA,BQÑ,Mexico,Peso,206,6,980428288,0,0,1,0,0,0,773,000000,0,000000
WB  AARF,WB ,Italia,Peso,63,0,951961445,1,0,1,1,0,0,681,000000,0,000000
EBFEHCJAJ,EBF,Peru,Dolar,205,3,925350500,0,1,1,0,1,0,430,000000,0,000000
DECSSÑITZB,DEC,Francia,Peso,214,4,991728966,1,1,1,0,0,1,762,000000,0,000000
ESZLJESAO,ESZ,Estados Unidos,Dolar,36,7,952568120,1,1,1,1,0,1,95,000000,0,000000
ISZNYKUSNM,ISZ,Peru,Sol,158,8,983532173,0,0,1,0,1,1,648,000000,0,000000
NECRQ AFN,NEC,Colombia,Sol,163,7,911258584,0,0,1,0,1,1,721,000000,0,000000
PVDNMBIXPE,PVD,Argentina,Sol,20,5,996118360,0,1,1,1,0,0,936,000000,0,000000
ZBFSRA IIP,ZBF,Francia,Euro,78,3,968668392,0,1,1,0,1,0,181,000000,0,000000
FKPHGTM LA,FKP,Canada,Peso,193,4,940803338,1,0,1,1,0,0,556,000000,0,000000
FFCÑH ACF,FFC,Canada,Sol,184,3,918131519,1,0,1,0,0,0,936,000000,0,000000
LTGQ C WG,LTG,Colombia,Euro,238,7,971762514,0,1,1,0,0,0,110,000000,0,000000
IFCIZNANYI,IFC,Canada,Euro,134,5,929048573,1,0,1,0,1,0,110,000000,0,000000
OCFC XYNXG,OCF,Peru,Dolar,222,4,975550928,0,0,1,0,0,0,51,000000,0,000000
ITZKTPJSWS,ITZ,Mexico,Dolar,144,8,932706801,1,1,1,1,0,1,153,000000,0,000000
EFVX QLALN,EFV,Italia,Euro,141,3,971330498,1,0,1,0,0,0,286,000000,0,000000
NZAVDDPCH ,NZA,Mexico,Peso,172,9,981299248,1,0,1,0,0,0,484,000000,0,000000
FZTCFWXLL,FZT,Peru,Dolar,167,5,983505466,1,1,1,0,0,1,214,000000,0,000000
EISAGUEWF,EIS,Colombia,Euro,220,5,983065505,0,1,1,1,1,1,355,000000,0,000000
XCFILJOHPY,XCF,Mexico,Euro,55,5,934473432,1,0,1,1,0,1,703,000000,0,000000
HZTAYGUBMC,HZT,Peru,Sol,39,7,991065118,1,1,1,0,1,0,395,000000,0,000000
JZTBABBRTA,JZT,Francia,Dolar,229,2,985441475,1,1,1,1,0,0,73,000000,0,000000
NISD WNAAK,NIS,Brazil,Euro,235,4,983107752,1,0,1,1,1,0,387,000000,0,000000
UFVDADVJJZ,UFV,Colombia,Euro,139,7,938479401,1,1,1,0,1,1,704,000000,0,000000
IÑEMKDWÑ  ,IÑE,Estados Unidos,Euro,117,2,922113591,1,0,1,1,1,1,122,000000,0,000000
FDFZOQVEKÑ,FDF,Espanha,Sol,207,8,990640663,1,0,1,0,0,0,473,000000,0,000000
ZZTPRTLZJM,ZZT,Mexico,Peso,148,1,973709692,0,0,1,0,1,1,596,000000,0,000000
EXDNK LT A,EXD,Brazil,Euro,137,7,992756824,0,1,1,1,1,0,768,000000,0,000000
JSÑSRIMC T,JSÑ,Argentina,Dolar,171,5,968676789,0,1,1,0,0,0,670,000000,0,000000
IÑXTUBHOLN,IÑX,Peru,Peso,137,4,959463071,0,1,1,1,0,0,991,000000,0,000000
TRJIQCNMLY,TRJ,Brazil,Sol,92,0,904563646,1,0,1,1,1,0,750,000000,0,000000
LGCUHGULQ,LGC,Francia,Euro,231,3,972444333,0,1,1,1,0,1,598,000000,0,000000
DGVPISDKU ,DGV,Canada,Dolar,223,9,946331957,1,0,1,1,0,0,869,000000,0,000000
USÑFXÑRMMT,USÑ,Mexico,Euro,203,6,902723001,0,1,1,0,1,1,596,000000,0,000000
JXWNÑMCVIH,JXW,Colombia,Dolar,20,8,970162644,1,0,1,0,0,1,658,000000,0,000000
ASJSOÑP  E,ASJ,Mexico,Dolar,112,7,913165303,0,0,1,1,0,0,593,000000,0,000000
EVGAÑMZUP,EVG,Mexico,Peso,46,7,901037313,0,1,1,0,0,1,988,000000,0,000000
IEFNMO UYW,IEF,Francia,Peso,40,5,917007126,1,0,1,0,0,0,233,000000,0,000000
QTÑBASXNBZ,QTÑ,Mexico,Peso,107,1,934101500,1,1,1,0,0,1,413,000000,0,000000
YSJXEHK FÑ,YSJ,Estados Unidos,Dolar,73,6,915610504,0,1,1,0,1,1,280,000000,0,000000
XBI EJHOT,XBI,Canada,Sol,33,5,945188401,0,0,1,1,0,0,241,000000,0,000000
MYWBGHNYLE,MYW,Italia,Dolar,80,0,939115485,0,0,1,0,0,1,222,000000,0,000000
FQMRKLTHJ,FQM,Brazil,Euro,244,0,925157794,1,1,1,1,1,0,842,000000,0,000000
UKSPKLWET,UKS,Peru,Peso,216,7,998926889,0,1,1,1,1,0,530,000000,0,000000
LWGXK LLFI,LWG,Argentina,Dolar,50,5,904224932,0,1,1,1,1,1,220,000000,0,000000
OWGM JLPI,OWG,Mexico,Euro,99,9,934643740,1,0,1,1,1,1,677,000000,0,000000
BG BZJDJ,BG ,Francia,Dolar,169,2,901674562,0,0,1,1,1,1,86,000000,0,000000
RFFQVDM  I,RFF,Francia,Sol,38,4,999838521,1,1,1,0,1,1,52,000000,0,000000
GIVLYSG YW,GIV,Canada,Euro,47,6,995466452,1,1,1,1,0,1,593,000000,0,000000
HIVU QDTK ,HIV,Peru,Sol,108,9,900076611,1,1,1,0,0,0,533,000000,0,000000
WZDVZXGYYR,WZD,Estados Unidos,Peso,79,9,934371582,1,0,1,0,1,0,799,000000,0,000000
OFYÑZFGND,OFY,Canada,Dolar,166,3,930833735,0,0,1,0,0,1,237,000000,0,000000
KVÑKGMCBZN,KVÑ,Espanha,Peso,243,8,961098250,0,1,1,1,1,1,294,000000,0,000000
IJCWXÑKEYP,IJC,Mexico,Peso,37,6,914462682,1,1,1,0,1,1,176,000000,0,000000
WUJBS IAXD,WUJ,Francia,Dolar,127,0,913458087,0,1,1,0,1,0,79,000000,0,000000
CYGX QBSK,CYG,Estados Unidos,Sol,87,8,916262337,0,0,1,1,1,1,872,000000,0,000000
OVJUYN I B,OVJ,Mexico,Peso,225,3,943001889,1,1,1,0,1,0,654,000000,0,000000
NEIGTRVRY,NEI,Mexico,Peso,169,5,969089360,0,1,1,0,1,0,156,000000,0,000000
ZPPIIHOUKY,ZPP,Peru,Peso,48,0,905434408,0,1,1,1,0,1,473,000000,0,000000
YWÑQ FBÑ P,YWÑ,Italia,Sol,192,7,966023453,0,0,1,0,0,0,682,000000,0,000000
RYZIZVKÑM,RYZ,Brazil,Peso,203,5,953337438,0,0,1,0,0,0,198,000000,0,000000
QNSBMAVDWQ,QNS,Mexico,Sol,4,2,982017279,1,0,1,1,1,0,18,000000,0,000000
BZGURPAOWH,BZG,Mexico,Sol,120,3,980404072,0,0,1,0,1,0,261,000000,0,000000
LTMSÑOTWEJ,LTM,Estados Unidos,Dolar,12,1,959510645,1,0,1,1,1,1,474,000000,0,000000
DLCEABJVGQ,DLC,Argentina,Dolar,71,7,932576619,0,0,1,1,0,0,120,000000,0,000000
UTMZDYXKK ,UTM,Brazil,Sol,30,8,940313192,1,0,1,0,1,0,859,000000,0,000000
YQPRRWOPWW,YQP,Argentina,Peso,60,0,967133817,1,1,1,0,1,0,303,000000,0,000000
ZCLGNQJFMR,ZCL,Brazil,Euro,98,9,942377448,1,0,1,0,1,0,17,000000,0,000000
UZGEB PYVR,UZG,Italia,Sol,111,7,916039604,1,0,1,1,0,1,756,000000,0,000000
MOSK ÑHWKG,MOS,Mexico,Sol,160,8,953031625,0,1,1,1,1,1,48,000000,0,000000
UIYFFW HD,UIY,Canada,Euro,250,7,956352464,1,0,1,1,1,0,658,000000,0,000000
KRPVSQLOFX,KRP,Espanha,Sol,173,7,941881732,1,0,1,1,1,1,891,000000,0,000000
MRPL XF  N,MRP,Peru,Peso,47,4,937052075,0,1,1,1,0,1,659,000000,0,000000
DYÑIPFSMQY,DYÑ,Brazil,Dolar,197,0,969649539,1,1,1,0,0,0,998,000000,0,000000
OXJHCE W,OXJ,Colombia,Peso,8,0,984788030,0,0,1,1,0,1,5,000000,0,000000
MYÑBZUBNF,MYÑ,Francia,Sol,64,4,958409395,0,1,1,0,0,0,209,000000,0,000000
VUMOIDULSQ,VUM,Mexico,Peso,191,7,995685370,1,1,1,1,0,0,985,000000,0,000000
VDLA AJZEL,VDL,Italia,Euro,194,3,900278502,1,1,1,1,1,0,233,000000,0,000000
XYÑRVLTGPZ,XYÑ,Mexico,Sol,162,4,916590364,1,1,1,1,0,1,786,000000,0,000000
LK LZUÑK,LK ,Francia,Euro,100,7,909849208,0,1,1,0,0,1,70,000000,0,000000
ÑJBWU FV ,ÑJB,Colombia,Peso,171,1,929385156,0,0,1,1,0,1,79,000000,0,000000
IBOQKU F Ñ,IBO,Mexico,Peso,124,9,900483786,1,1,1,0,0,0,400,000000,0,000000
LVMMDZT UD,LVM,Espanha,Peso,216,1,965474921,1,1,1,0,0,1,175,000000,0,000000
PSPYHA WWB,PSP,Estados Unidos,Dolar,163,0,939681373,0,1,1,0,1,0,572,000000,0,000000
PBOSAXDNCF,PBO,Canada,Sol,167,0,985159636,1,0,1,1,1,1,815,000000,0,000000
RVMQÑLGJMA,RVM,Canada,Dolar,92,3,975961394,1,0,1,1,0,0,193,000000,0,000000
VZÑJXTZÑTZ,VZÑ,Francia,Dolar,206,4,944811035,0,1,1,0,1,0,830,000000,0,000000
ÑEHELNNMMG,ÑEH,Brazil,Dolar,194,1,919955560,1,1,1,0,1,0,905,000000,0,000000
VKFMFENYJ,VKF,Mexico,Sol,154,1,926424603,1,0,1,1,1,0,965,000000,0,000000
ZZÑNSXE GX,ZZÑ,Estados Unidos,Dolar,74,5,973701019,0,1,1,1,1,1,306,000000,0,000000
ZKFNZMTQX,ZKF,Estados Unidos,Peso,214,3,960226533,0,1,1,1,1,0,66,000000,0,000000
OTPTGZ EUC,OTP,Italia,Sol,123,7,960257016,1,1,1,0,0,0,93,000000,0,000000
JIIO YÑUN,JII,Mexico,Dolar,117,6,910416653,1,0,1,0,1,1,677,000000,0,000000
SWMOZSIL,SWM,Canada,Dolar,165,5,902016937,1,1,1,0,0,0,134,000000,0,000000
ÑZFBEZFPDT,ÑZF,Canada,Euro,24,1,973134277,1,1,1,1,1,1,609,000000,0,000000
EXMWPBORÑ,EXM,Argentina,Sol,121,9,987953711,1,1,1,0,1,1,427,000000,0,000000
GGLRÑB  GB,GGL,Argentina,Dolar,133,6,964326932,1,1,1,0,1,1,89,000000,0,000000
PARLYVNQÑC,PAR,Argentina,Dolar,194,8,979443544,0,1,1,1,0,0,907,000000,0,000000
QARÑEWPYP,QAR,Brazil,Euro,43,9,938606688,0,1,1,1,1,1,504,000000,0,000000
HMFZSVAYG,HMF,Francia,Euro,13,8,972613321,0,0,1,0,0,0,482,000000,0,000000
XDOXGOIFLF,XDO,Peru,Dolar,159,5,999195693,1,1,1,1,1,0,526,000000,0,000000
XXMQCPZUUY,XXM,Francia,Peso,211,7,980751114,0,0,1,1,0,0,115,000000,0,000000
OMFJÑYPZL,OMF,Italia,Peso,52,8,937584258,1,0,1,1,0,0,563,000000,0,000000
UJIKTUHOJP,UJI,Estados Unidos,Euro,11,9,925358246,0,1,1,1,0,1,250,000000,0,000000
QPCKNRXR I,QPC,Mexico,Euro,195,7,952980265,0,1,1,1,1,0,630,000000,0,000000
VMFLDDEZUF,VMF,Francia,Euro,168,1,958161751,1,1,1,0,0,0,924,000000,0,000000
LMYPI XVDC,LMY,Mexico,Euro,42,2,901640618,1,0,1,1,0,1,988,000000,0,000000
CVPCD J  ,CVP,Estados Unidos,Sol,131,0,974211307,1,0,1,1,0,0,109,000000,0,000000
ZMFKRMGZSD,ZMF,Francia,Sol,249,5,992389368,1,0,1,1,1,1,912,000000,0,000000
JBRQGVOCZ,JBR,Colombia,Dolar,234,6,993476450,0,1,1,1,0,0,812,000000,0,000000
DKIAJVQ X,DKI,Brazil,Sol,47,8,948310760,0,1,1,1,1,0,211,000000,0,000000
ZBRVFNQNCZ,ZBR,Francia,Peso,167,9,994281764,1,1,1,0,1,1,438,000000,0,000000
QKINDPAEXE,QKI,Canada,Peso,134,5,973649400,1,1,1,0,1,0,235,000000,0,000000
BTSHDPGNIX,BTS,Argentina,Dolar,98,8,940609498,1,1,1,1,1,0,181,000000,0,000000
QQCHYG UNS,QQC,Argentina,Euro,143,6,940599918,0,0,1,0,1,1,970,000000,0,000000
KQVCRHMOE ,KQV,Argentina,Dolar,168,2,922992883,0,1,1,1,0,0,334,000000,0,000000
TNYF RTÑI,TNY,Argentina,Sol,77,4,989601228,0,1,1,1,1,0,798,000000,0,000000
NTSQYSHUP,NTS,Estados Unidos,Sol,122,8,985832184,0,1,1,1,0,1,902,000000,0,000000
ALIGGYXDDA,ALI,Argentina,Dolar,220,2,963159702,0,1,1,0,0,1,340,000000,0,000000
SQVMMUSQGB,SQV,Italia,Euro,123,2,962159478,1,1,1,0,0,0,718,000000,0,000000
DLIJ DGBT,DLI,Estados Unidos,Peso,137,2,922105089,1,1,1,0,1,0,380,000000,0,000000
NFOJZNORT,NFO,Francia,Peso,76,0,983515837,1,0,1,1,0,1,314,000000,0,000000
LILVOMZZVÑ,LIL,Italia,Euro,143,2,943058030,0,1,1,0,0,0,481,000000,0,000000
QZMLCDYNSM,QZM,Canada,Sol,149,0,999305589,0,0,1,1,0,1,767,000000,0,000000
HRVK WVMXB,HRV,Espanha,Euro,137,9,903568895,0,1,1,0,0,0,787,000000,0,000000
VRCÑZWXP N,VRC,Mexico,Peso,24,9,953548503,1,0,1,0,1,1,812,000000,0,000000
HDRKDBÑCPP,HDR,Argentina,Sol,143,9,908745680,1,1,1,1,1,1,630,000000,0,000000
ORVVRCYHW,ORV,Brazil,Dolar,115,8,918386794,0,0,1,0,1,0,81,000000,0,000000
TAUWTYUVDB,TAU,Mexico,Peso,201,3,964929344,0,1,1,0,1,0,288,000000,0,000000
QXPEIYRQ,QXP,Canada,Euro,184,1,986397317,1,0,1,0,0,1,503,000000,0,000000
VXPDVRBV S,VXP,Brazil,Dolar,116,6,999358189,0,1,1,0,1,1,464,000000,0,000000
HBBLENGS T,HBB,Peru,Peso,1,8,943877611,1,1,1,0,1,0,669,000000,0,000000
SPFTXKSNVF,SPF,Canada,Dolar,99,3,917648191,1,0,1,0,1,1,119,000000,0,000000
AVSYWVAN W,AVS,Brazil,Euro,158,3,936538392,0,0,1,1,1,0,987,000000,0,000000
BERPPMC K,BER,Mexico,Peso,235,0,928681476,0,1,1,1,1,0,628,000000,0,000000
GVSIMRÑVPB,GVS,Peru,Dolar,89,1,984687462,0,1,1,1,0,1,323,000000,0,000000
UPYDG OBFD,UPY,Brazil,Peso,162,0,979121592,0,1,1,0,0,0,749,000000,0,000000
JYPZ YJQWJ,JYP,Italia,Dolar,44,9,970544658,0,1,1,1,1,0,177,000000,0,000000
PVSCSGZKUG,PVS,Francia,Peso,131,5,968268126,0,0,1,1,0,0,51,000000,0,000000
UBUITBJN ,UBU,Colombia,Peso,46,6,932855880,1,1,1,1,0,1,718,000000,0,000000
JKLRCSGCNL,JKL,Estados Unidos,Sol,130,2,942966225,0,1,1,1,1,1,443,000000,0,000000
ONITNNJUZK,ONI,Italia,Peso,159,6,951699112,1,1,1,0,0,0,328,000000,0,000000
UNIOELEH S,UNI,Mexico,Dolar,3,0,994493884,0,1,1,1,0,0,749,000000,0,000000
ZKLBLARTU,ZKL,Mexico,Euro,178,2,968817834,0,0,1,0,1,0,956,000000,0,000000
ETVDTIZBPM,ETV,Francia,Euro,178,5,925568122,1,0,1,0,0,0,660,000000,0,000000
KTVH WIIQX,KTV,Espanha,Sol,186,8,958459162,0,0,1,0,0,1,867,000000,0,000000
SQYWAEFVCM,SQY,Espanha,Euro,177,8,900509933,1,1,1,1,1,0,223,000000,0,000000
PTVJ UPXS ,PTV,Francia,Euro,235,1,984549048,1,0,1,1,1,1,450,000000,0,000000
CLLGVMBÑXM,CLL,Italia,Dolar,81,7,928145079,0,1,1,1,1,0,534,000000,0,000000
NFRGISGVZ ,NFR,Argentina,Sol,214,8,916980139,1,1,1,0,1,1,405,000000,0,000000
ÑQU OYÑHF,ÑQU,Argentina,Peso,153,3,939723304,0,0,1,1,0,0,905,000000,0,000000
FAEDLECHFT,FAE,Canada,Peso,199,6,981490032,1,1,1,1,0,1,140,000000,0,000000
WIOXÑ PRMR,WIO,Espanha,Dolar,61,9,986087427,0,0,1,1,0,0,663,000000,0,000000
NUVEMAIGDE,NUV,Estados Unidos,Peso,57,2,905016641,1,1,1,1,0,0,432,000000,0,000000
WRYNLXIÑ E,WRY,Colombia,Euro,144,2,971017287,1,1,1,0,0,0,182,000000,0,000000
SDUH MFGY,SDU,Espanha,Peso,71,5,917351429,1,1,1,1,0,1,431,000000,0,000000
NJOLFIJDVZ,NJO,Mexico,Peso,52,3,988529426,0,0,1,1,1,0,704,000000,0,000000
YUVXXKYFGN,YUV,Italia,Euro,40,5,954034122,1,0,1,0,1,0,583,000000,0,000000
NEBWFJH X,NEB,Estados Unidos,Sol,25,7,950135408,0,1,1,0,0,0,224,000000,0,000000
OEBQHÑZNZ,OEB,Mexico,Euro,243,3,914044650,1,0,1,1,1,1,695,000000,0,000000
XSFTCSPSGT,XSF,Canada,Euro,235,5,964113280,0,1,1,0,1,0,758,000000,0,000000
VVCÑ X MEU,VVC,Brazil,Dolar,121,3,922477453,1,1,1,0,1,1,216,000000,0,000000
SSYNCXNWHF,SSY,Brazil,Euro,18,8,910572339,0,1,1,1,0,1,347,000000,0,000000
SYSJEHDWDH,SYS,Estados Unidos,Euro,196,5,944432463,0,0,1,0,0,0,193,000000,0,000000
YHRY ZAIBO,YHR,Peru,Euro,137,3,973005911,0,0,1,0,1,1,881,000000,0,000000
BCXJTSUKGV,BCX,Mexico,Sol,79,8,914081970,1,0,1,1,0,1,473,000000,0,000000
YTFJTTYJSJ,YTF,Estados Unidos,Sol,71,5,947214990,1,0,1,1,0,1,678,000000,0,000000
MIRFRCPXM,MIR,Italia,Peso,220,9,975608715,0,1,1,0,1,0,48,000000,0,000000
PZSJVJY JB,PZS,Mexico,Dolar,116,1,921433219,0,1,1,1,1,0,617,000000,0,000000
XCX KZFNU,XCX,Argentina,Euro,176,1,954813056,1,0,1,1,1,1,934,000000,0,000000
QIRUBJÑUHE,QIR,Peru,Sol,36,5,951396956,1,0,1,1,0,0,455,000000,0,000000
JOLY I J C,JOL,Estados Unidos,Peso,106,2,926426425,0,0,1,1,0,1,241,000000,0,000000
TLONVSMND,TLO,Canada,Euro,248,9,975078701,1,0,1,1,0,1,815,000000,0,000000
JDEFVSKHU,JDE,Colombia,Peso,107,5,921120566,1,0,1,0,0,0,810,000000,0,000000
IXCFQDCHPL,IXC,Francia,Euro,198,2,905579130,1,0,1,1,1,0,565,000000,0,000000
MDEMEY  BT,MDE,Canada,Dolar,75,2,979467923,1,1,1,1,1,1,259,000000,0,000000
DDXGICZTM,DDX,Estados Unidos,Euro,6,5,959855169,1,1,1,0,1,1,111,000000,0,000000
HDXÑJODEPG,HDX,Argentina,Dolar,46,1,900434935,0,0,1,1,0,0,835,000000,0,000000
PÑWUQBDKJ,PÑW,Peru,Sol,10,2,909420664,0,1,1,0,0,1,897,000000,0,000000
ZUFYBFTXBA,ZUF,Canada,Dolar,166,8,957574423,0,1,1,1,1,1,718,000000,0,000000
BMOCIBEQUM,BMO,Estados Unidos,Euro,214,3,920864697,1,1,1,0,1,1,676,000000,0,000000
NDXYZS F,NDX,Colombia,Peso,38,3,996859660,1,0,1,1,1,0,759,000000,0,000000
NXV SE GA,NXV,Espanha,Dolar,145,2,954231235,1,0,1,1,1,1,895,000000,0,000000
PDXOMÑ NOE,PDX,Espanha,Dolar,193,8,941930831,0,1,1,1,0,0,441,000000,0,000000
RDXXENRTZ,RDX,Espanha,Peso,209,1,947531042,1,1,1,1,1,0,10,000000,0,000000
QMOL MOENK,QMO,Peru,Sol,27,9,907043167,1,0,1,0,1,1,400,000000,0,000000
CYCDKWR K,CYC,Colombia,Euro,49,4,922914615,0,1,1,0,0,1,964,000000,0,000000
YMOFZIVUHX,YMO,Francia,Peso,33,5,972620030,0,1,1,0,1,1,87,000000,0,000000
KHBG SF F,KHB,Estados Unidos,Sol,216,3,994247024,1,0,1,1,1,1,63,000000,0,000000
SBHJVRHJV,SBH,Estados Unidos,Euro,208,6,908476071,1,1,1,1,1,1,791,000000,0,000000
OYCLBEUJ N,OYC,Espanha,Sol,89,6,950999387,1,1,1,1,1,0,523,000000,0,000000
JYVYEJOZNE,JYV,Espanha,Sol,10,2,977511310,0,0,1,0,1,0,927,000000,0,000000
CNOVEBIMU,CNO,Estados Unidos,Sol,184,8,901045359,0,0,1,0,0,0,301,000000,0,000000
VHBPDIHDÑO,VHB,Peru,Dolar,245,8,959444994,1,1,1,1,1,0,319,000000,0,000000
WHBÑLYDIME,WHB,Peru,Sol,7,7,997883608,1,1,1,1,1,0,334,000000,0,000000
IKRETDOYNM,IKR,Peru,Dolar,51,0,969875811,1,1,1,0,1,0,373,000000,0,000000
JQLO MLXT,JQL,Peru,Peso,87,5,964225561,1,0,1,1,0,1,437,000000,0,000000
WHUOXPAMEF,WHU,Colombia,Dolar,113,7,973129712,0,0,1,1,0,0,256,000000,0,000000
UKRN QN PD,UKR,Argentina,Sol,6,0,995243001,0,0,1,1,1,0,277,000000,0,000000
JCHÑTXZQJP,JCH,Estados Unidos,Dolar,32,6,992685201,0,0,1,1,1,0,887,000000,0,000000
YKRE ZPFP,YKR,Francia,Euro,66,4,976360952,0,0,1,0,0,1,160,000000,0,000000
AWYXIMDKPC,AWY,Colombia,Peso,26,0,965332660,0,0,1,0,1,0,56,000000,0,000000
SFXQ ÑWSMA,SFX,Colombia,Sol,126,9,971316115,0,0,1,1,1,1,148,000000,0,000000
VWY ENZÑ,VWY,Canada,Peso,155,4,980086418,1,0,1,1,1,0,555,000000,0,000000
KÑGHKU LEV,KÑG,Colombia,Dolar,220,0,995991147,1,1,1,1,0,0,344,000000,0,000000
MXFNCYÑWKE,MXF,Italia,Peso,161,2,971792513,0,0,1,0,0,1,469,000000,0,000000
HJBGYXAJTW,HJB,Francia,Sol,52,7,901189090,1,1,1,0,0,1,66,000000,0,000000
GXYOBMFHNC,GXY,Espanha,Dolar,106,7,969322127,0,0,1,1,1,1,817,000000,0,000000
VUIÑLGWOJ,VUI,Colombia,Euro,219,7,949623671,0,0,1,1,0,0,488,000000,0,000000
MJBSKT NJY,MJB,Espanha,Sol,192,0,943435611,0,1,1,1,1,1,362,000000,0,000000
GGXSRKV,GGX,Brazil,Peso,22,0,970123471,0,1,1,0,0,0,452,000000,0,000000
XJBDKCLDQO,XJB,Canada,Peso,181,0,987635658,1,1,1,0,1,1,764,000000,0,000000
FVIXZÑYDIX,FVI,Francia,Sol,31,9,973076124,0,0,1,1,1,0,351,000000,0,000000
ZGXTTOVGSS,ZGX,Espanha,Dolar,185,9,917460985,1,1,1,0,1,0,940,000000,0,000000
EEHJFY UHA,EEH,Peru,Euro,180,0,955856524,1,1,1,0,1,1,344,000000,0,000000
NSLYIG IDG,NSL,Estados Unidos,Peso,96,1,967839313,1,0,1,1,1,0,71,000000,0,000000
VPOWM DYA,VPO,Canada,Dolar,206,1,927211266,1,1,1,0,0,1,641,000000,0,000000
IKBKLP Y,IKB,Peru,Peso,217,2,973218429,1,1,1,1,1,0,718,000000,0,000000
YBKRHFZQVP,YBK,Italia,Euro,46,0,966882236,1,0,1,0,1,1,328,000000,0,000000
QKBAOÑDRFÑ,QKB,Estados Unidos,Peso,1,2,925395789,0,0,1,0,0,0,569,000000,0,000000
RYYR XÑKDT,RYY,Argentina,Sol,170,3,918270546,1,1,1,0,1,0,998,000000,0,000000
VYYWVKSNP ,VYY,Espanha,Sol,113,9,908732832,0,1,1,1,0,1,344,000000,0,000000
CCKBZABFMR,CCK,Argentina,Sol,90,4,962430135,0,1,1,0,1,1,239,000000,0,000000
FTLDWFFAÑP,FTL,Argentina,Euro,30,1,977123958,1,0,1,0,0,1,683,000000,0,000000
HTLÑYXPTU,HTL,Peru,Sol,96,8,997903507,0,1,1,0,0,0,152,000000,0,000000
LQOAYHQZSM,LQO,Colombia,Sol,104,7,926923436,1,1,1,1,0,0,983,000000,0,000000
WÑÑYPFBÑNE,WÑÑ,Mexico,Sol,238,8,985192180,0,0,1,1,1,1,441,000000,0,000000
OIEWGILO ,OIE,Argentina,Sol,172,2,923791705,0,1,1,1,1,1,240,000000,0,000000
QLBD NX OF,QLB,Peru,Peso,167,3,985494158,0,0,1,0,1,1,516,000000,0,000000
ÑAÑO W KON,ÑAÑ,Francia,Dolar,90,8,999708456,1,1,1,0,0,0,651,000000,0,000000
YZFCSB LOJ,YZF,Mexico,Euro,5,0,966813310,1,0,1,1,0,1,843,000000,0,000000
OIXFELJHGQ,OIX,Mexico,Euro,14,0,961738434,0,0,1,1,0,1,163,000000,0,000000
EANWERXN  ,EAN,Italia,Peso,110,6,978871523,1,0,1,0,0,1,972,000000,0,000000
IANZ ÑXVFÑ,IAN,Estados Unidos,Euro,240,4,977524657,0,0,1,1,1,1,516,000000,0,000000
TLUHIMCQE,TLU,Peru,Peso,70,9,989801806,0,0,1,1,0,0,605,000000,0,000000
EXIAHYVGQP,EXI,Colombia,Peso,164,6,919540908,0,1,1,1,0,1,927,000000,0,000000
IGHSKRCKEL,IGH,Brazil,Peso,19,7,983130663,0,0,1,1,1,0,605,000000,0,000000
HJXGO YDD ,HJX,Mexico,Peso,230,8,947396854,0,1,1,0,1,0,227,000000,0,000000
VJXMFKAYDP,VJX,Argentina,Sol,186,5,936305969,0,0,1,0,0,1,673,000000,0,000000
UMUGMKM PO,UMU,Colombia,Dolar,46,1,934195390,0,1,1,1,0,1,973,000000,0,000000
ZMUKERSHIS,ZMU,Espanha,Euro,38,3,922625911,1,0,1,0,0,1,97,000000,0,000000
USONWKEYÑ,USO,Argentina,Peso,161,6,938874890,1,1,1,1,0,0,870,000000,0,000000
ÑSKEHC EG,ÑSK,Mexico,Peso,136,0,941122677,0,1,1,1,0,0,907,000000,0,000000
ANUA BV TÑ,ANU,Italia,Euro,106,3,959217506,1,1,1,0,0,1,799,000000,0,000000
MNBQIOYÑXC,MNB,Espanha,Euro,81,3,914945015,1,0,1,0,0,1,584,000000,0,000000
VTOQ TEMSP,VTO,Estados Unidos,Dolar,114,0,906435953,1,0,1,1,1,1,816,000000,0,000000
QFKXAJTYRP,QFK,Francia,Dolar,209,1,936789555,0,0,1,0,0,0,823,000000,0,000000
BRRGRJBM,BRR,Canada,Sol,115,5,990624598,1,1,1,1,0,1,594,000000,0,000000
ROBDP DNH,ROB,Estados Unidos,Peso,172,2,947902247,1,0,1,1,1,1,851,000000,0,000000
HOUOIXYEO,HOU,Peru,Sol,139,0,905981243,0,0,1,0,0,1,965,000000,0,000000
SOBCUPOBVN,SOB,Argentina,Dolar,156,0,978193041,0,1,1,0,0,1,337,000000,0,000000
GAQAZUT Y,GAQ,Colombia,Euro,22,5,973530830,0,1,1,0,1,1,268,000000,0,000000
MOULRSEXZS,MOU,Espanha,Peso,153,0,969714721,1,0,1,1,0,1,606,000000,0,000000
LÑMIGYJHWY,LÑM,Mexico,Dolar,105,6,994582726,1,0,1,1,1,0,518,000000,0,000000
DGKTDDFQÑS,DGK,Brazil,Sol,84,8,998173686,1,0,1,0,0,1,48,000000,0,000000
FXLBSSOWJP,FXL,Italia,Peso,82,8,989379844,0,1,1,1,0,0,871,000000,0,000000
TOULWLPE D,TOU,Brazil,Euro,15,6,977688667,0,0,1,1,0,0,854,000000,0,000000
TAQWMLUNVD,TAQ,Mexico,Sol,50,2,955328582,1,0,1,1,0,1,612,000000,0,000000
OXLGMLZY F,OXL,Argentina,Euro,53,4,986062861,0,0,1,0,1,1,624,000000,0,000000
OMEWRGYSBY,OME,Espanha,Peso,20,4,934139691,0,0,1,1,1,1,831,000000,0,000000
ÑUKSNAHKHF,ÑUK,Espanha,Euro,85,3,933292068,1,1,1,1,1,0,278,000000,0,000000
TJHYNLGQ ,TJH,Italia,Peso,39,9,924908074,0,1,1,0,1,0,186,000000,0,000000
FMXTÑFTKA,FMX,Canada,Peso,99,6,907360866,0,1,1,1,0,0,75,000000,0,000000
CBQÑGPTYÑH,CBQ,Argentina,Sol,9,6,949108866,0,0,1,1,1,0,769,000000,0,000000
GBQTXTT VY,GBQ,Argentina,Peso,157,1,946007171,1,1,1,0,1,0,246,000000,0,000000
QMXTZSYJÑL,QMX,Francia,Sol,89,5,988962855,0,1,1,0,1,0,96,000000,0,000000
DENBPKGHMB,DEN,Colombia,Euro,95,7,989424461,0,0,1,0,0,1,600,000000,0,000000
MSRKBMOJ  ,MSR,Francia,Peso,169,4,913362350,0,0,1,1,1,1,283,000000,0,000000
ÑGZRETJSWU,ÑGZ,Espanha,Euro,22,6,907600558,0,0,1,1,0,1,684,000000,0,000000
ZMXLHEFPHI,ZMX,Argentina,Dolar,144,9,954924512,1,0,1,1,0,0,11,000000,0,000000
DNEROAG GO,DNE,Argentina,Sol,20,3,965040235,1,0,1,1,0,0,64,000000,0,000000
IKHNAOXR P,IKH,Estados Unidos,Euro,22,2,992431268,0,0,1,0,1,1,208,000000,0,000000
FNEDNGSYXO,FNE,Brazil,Sol,206,4,932560881,1,1,1,1,1,0,372,000000,0,000000
WYLIIPZHWM,WYL,Italia,Dolar,57,8,990477669,0,1,1,1,1,0,292,000000,0,000000
NQUPPHNÑÑ,NQU,Francia,Peso,12,3,964522010,1,0,1,1,1,1,456,000000,0,000000
ÑHZWQA AWF,ÑHZ,Colombia,Sol,211,4,965818584,1,0,1,0,0,1,572,000000,0,000000
YNXFQZ NMQ,YNX,Estados Unidos,Dolar,183,5,914787642,1,1,1,1,1,1,597,000000,0,000000
JZLÑZEJJM,JZL,Estados Unidos,Euro,80,6,965017473,1,0,1,0,1,0,719,000000,0,000000
RTRBCPJCBH,RTR,Mexico,Dolar,189,9,925727528,1,0,1,1,1,0,578,000000,0,000000
JIKDBIZ H,JIK,Francia,Euro,189,2,916326062,0,0,1,0,0,1,348,000000,0,000000
JOE TTU  ,JOE,Mexico,Euro,34,6,921171440,0,1,1,0,0,0,242,000000,0,000000
OOEQNSFWGÑ,OOE,Colombia,Sol,175,0,908338741,1,0,1,0,1,1,738,000000,0,000000
QOESZMD JQ,QOE,Argentina,Dolar,91,3,914484883,0,0,1,1,0,0,541,000000,0,000000
ULHB J Y ,ULH,Espanha,Dolar,17,7,914105233,0,1,1,0,0,0,871,000000,0,000000
DRUOBAYBMN,DRU,Mexico,Sol,178,7,901956600,0,0,1,1,1,1,681,000000,0,000000
JÑPEPTGDPR,JÑP,Argentina,Peso,91,9,992551645,1,1,1,1,1,0,606,000000,0,000000
BXOXPORLVY,BXO,Estados Unidos,Peso,47,5,948374304,1,1,1,0,1,1,693,000000,0,000000
JRUR   HPA,JRU,Peru,Peso,29,6,932227084,1,0,1,0,0,0,605,000000,0,000000
JURCGMCBK ,JUR,Canada,Peso,97,6,925170372,1,0,1,0,0,0,675,000000,0,000000
QDQBSC ON,QDQ,Mexico,Sol,104,4,943507311,1,1,1,1,1,1,691,000000,0,000000
JPEDOIVORV,JPE,Peru,Euro,25,4,995074964,1,1,1,0,1,0,217,000000,0,000000
ZPEPSGQFE,ZPE,Peru,Euro,48,8,918507206,1,1,1,0,1,1,46,000000,0,000000
BKKWHJ Y  ,BKK,Argentina,Euro,5,0,932126018,1,1,1,0,0,0,640,000000,0,000000
TPXBN SKI ,TPX,Italia,Dolar,72,6,993037304,1,0,1,1,0,0,771,000000,0,000000
FNHMRLQPÑW,FNH,Italia,Euro,59,9,937178684,1,0,1,0,0,1,405,000000,0,000000
JQEMERPC B,JQE,Colombia,Euro,15,2,945211505,1,1,1,1,1,1,98,000000,0,000000
ECAAMUÑOHÑ,ECA,Argentina,Sol,192,9,975195130,0,0,1,1,1,0,393,000000,0,000000
YKKF ÑTGB,YKK,Estados Unidos,Peso,223,2,901277024,1,0,1,1,1,1,597,000000,0,000000
NCATSRTNK,NCA,Italia,Euro,70,0,940820337,1,1,1,1,0,0,215,000000,0,000000
RCTFK TAÑW,RCT,Colombia,Dolar,138,6,930293992,0,0,1,0,1,0,846,000000,0,000000
VZOFVQX JK,VZO,Francia,Dolar,147,8,924653394,0,1,1,0,1,1,594,000000,0,000000
AJNAVVLÑY ,AJN,Espanha,Sol,39,4,959758454,1,1,1,1,0,0,198,000000,0,000000
RÑSCR JEOQ,RÑS,Francia,Peso,29,6,907949949,0,1,1,1,1,0,837,000000,0,000000
OAWBETFJVE,OAW,Espanha,Sol,11,6,956447423,1,0,1,1,1,0,183,000000,0,000000
QUUGQN ÑMI,QUU,Canada,Euro,54,3,913569598,0,1,1,1,1,1,628,000000,0,000000
DMKUKP BYR,DMK,Brazil,Peso,68,8,949198796,1,1,1,0,1,0,486,000000,0,000000
PPHTX U M,PPH,Peru,Dolar,46,7,947752835,1,1,1,1,0,0,901,000000,0,000000
KVBAWXVEOÑ,KVB,Colombia,Peso,127,8,905889573,0,0,1,0,0,0,316,000000,0,000000
YPHGWDQGGR,YPH,Francia,Peso,30,3,967243204,0,0,1,0,0,1,32,000000,0,000000
RVBZRKIFHÑ,RVB,Mexico,Dolar,51,3,994284727,0,0,1,0,0,1,137,000000,0,000000
MYRZDOIWR ,MYR,Brazil,Sol,167,3,955758466,0,1,1,0,0,1,104,000000,0,000000
NYRW SJVUJ,NYR,Mexico,Dolar,23,6,908134485,0,1,1,0,1,0,380,000000,0,000000
YSXÑWJGG I,YSX,Canada,Sol,189,8,959403779,1,1,1,0,0,1,690,000000,0,000000
ÑSTYDCOYTX,ÑST,Francia,Sol,241,9,903494439,0,1,1,0,1,0,389,000000,0,000000
NNKÑAFGK E,NNK,Italia,Euro,130,6,993546745,1,0,1,1,0,1,339,000000,0,000000
FCDTXTBOV ,FCD,Espanha,Peso,150,2,935065940,1,0,1,1,0,1,382,000000,0,000000
WNKPTXHTAF,WNK,Argentina,Euro,45,9,949771928,1,0,1,0,1,0,506,000000,0,000000
RTECAÑEXE,RTE,Italia,Euro,225,8,986334540,1,1,1,1,1,0,708,000000,0,000000
ZNKJCLGFIJ,ZNK,Estados Unidos,Euro,153,3,922168576,1,0,1,0,1,1,543,000000,0,000000
DFTKEXWKA ,DFT,Francia,Sol,24,1,943104079,0,0,1,0,0,1,953,000000,0,000000
ZFAJFCEELA,ZFA,Francia,Euro,101,1,907981344,1,1,1,0,1,0,541,000000,0,000000
ARHEDUGDF,ARH,Canada,Dolar,75,5,964920643,0,1,1,1,0,0,944,000000,0,000000
MIQQBWFVZC,MIQ,Italia,Peso,53,9,975343211,1,0,1,1,1,1,222,000000,0,000000
FOKTUOPDXQ,FOK,Canada,Dolar,104,0,955553993,0,0,1,0,0,0,331,000000,0,000000
SFTTITFJJ,SFT,Colombia,Sol,200,2,981424279,1,0,1,0,1,0,395,000000,0,000000
HÑCWZWWTE,HÑC,Italia,Dolar,113,4,964814866,0,0,1,1,1,1,341,000000,0,000000
ZCWV VTIF,ZCW,Argentina,Dolar,217,8,931484920,1,0,1,0,1,0,567,000000,0,000000
DUERLXEYEU,DUE,Francia,Peso,72,5,907341564,1,1,1,0,0,0,105,000000,0,000000
CXBFWYKCRE,CXB,Francia,Euro,181,3,986431431,0,0,1,0,0,0,939,000000,0,000000
JAGFWQJ X,JAG,Colombia,Sol,111,5,905036086,1,0,1,1,0,0,636,000000,0,000000
UAGSYJOSJE,UAG,Estados Unidos,Dolar,102,0,938273235,0,0,1,0,1,0,642,000000,0,000000
YAGSFSLVS,YAG,Canada,Dolar,128,3,932034353,0,1,1,0,1,0,317,000000,0,000000
LDWCJYJANJ,LDW,Italia,Sol,216,5,931259886,0,0,1,1,1,1,44,000000,0,000000
YUEH T  PÑ,YUE,Colombia,Peso,97,1,926902975,0,0,1,0,0,0,977,000000,0,000000
PUXGKMIALP,PUX,Francia,Euro,247,0,994088821,0,1,1,0,0,0,652,000000,0,000000
XXBHCOAJAU,XXB,Colombia,Sol,98,8,966890674,0,0,1,1,0,1,368,000000,0,000000
HJQHBLSMVI,HJQ,Canada,Sol,166,2,991556790,0,1,1,1,0,1,844,000000,0,000000
DBZBJBAVJÑ,DBZ,Italia,Peso,74,9,933110409,1,1,1,0,0,0,47,000000,0,000000
OVECU BLD,OVE,Peru,Euro,139,7,905356302,1,1,1,1,1,1,930,000000,0,000000
NYBP JJY ,NYB,Colombia,Euro,15,5,982242279,0,1,1,0,0,0,545,000000,0,000000
HYUÑESZAPS,HYU,Canada,Sol,231,8,972837541,0,0,1,0,0,1,816,000000,0,000000
IYUUGJSEFJ,IYU,Brazil,Euro,128,1,953663371,0,0,1,0,1,1,605,000000,0,000000
JYUM  JCFI,JYU,Peru,Dolar,204,7,965217061,1,0,1,1,0,1,653,000000,0,000000
XYBTZZSVES,XYB,Espanha,Euro,140,6,995062523,1,0,1,0,0,0,103,000000,0,000000
LKQQFWJGYZ,LKQ,Argentina,Euro,92,5,985025063,1,0,1,1,1,0,883,000000,0,000000
PHTFZFACAH,PHT,Argentina,Sol,183,6,905467934,1,0,1,1,0,1,876,000000,0,000000
QKQSZGQZBM,QKQ,Estados Unidos,Sol,250,1,907018681,1,0,1,0,0,0,892,000000,0,000000
ÑVTAXWQKPW,ÑVT,Estados Unidos,Dolar,97,3,921058700,1,1,1,0,0,0,11,000000,0,000000
PQK T C ,PQK,Brazil,Sol,141,5,929535764,1,1,1,1,1,0,563,000000,0,000000
SQKÑÑQEMI ,SQK,Mexico,Sol,182,0,900501872,1,0,1,0,1,0,521,000000,0,000000
OCGMIQXTT,OCG,Espanha,Sol,163,2,985181864,1,0,1,1,0,0,383,000000,0,000000
NWEJSFPNÑG,NWE,Mexico,Sol,7,6,988899362,1,1,1,1,1,0,860,000000,0,000000
WQKV QDOLQ,WQK,Colombia,Euro,38,7,970014950,0,1,1,0,1,0,716,000000,0,000000
MWXG  FUVB,MWX,Brazil,Peso,12,5,988802443,1,0,1,0,0,1,481,000000,0,000000
ARKPEYI U,ARK,Espanha,Euro,22,8,935714768,0,1,1,0,1,0,859,000000,0,000000
ZIADXMFTCG,ZIA,Colombia,Euro,180,1,989298842,0,0,1,1,1,1,497,000000,0,000000
MÑFLRVINAL,MÑF,Colombia,Peso,23,7,936643718,0,1,1,1,1,0,218,000000,0,000000
KAJHTHCYAR,KAJ,Argentina,Peso,29,5,932980130,0,0,1,0,0,0,15,000000,0,000000
MUHGLDBQZW,MUH,Brazil,Dolar,13,9,959450588,0,1,1,0,0,0,703,000000,0,000000
ÑIPRZOJDF,ÑIP,Canada,Peso,45,4,921207620,0,0,1,1,0,0,334,000000,0,000000
GGWDLECYPL,GGW,Brazil,Sol,165,0,901222259,0,1,1,1,1,1,375,000000,0,000000
ÑAFOEY SP,ÑAF,Peru,Peso,238,5,941071872,0,1,1,1,1,1,646,000000,0,000000
OJTVUVJÑI,OJT,Italia,Euro,248,2,989238986,0,0,1,1,1,0,422,000000,0,000000
UGWKGXCJFO,UGW,Mexico,Sol,197,0,972444050,0,0,1,0,1,1,755,000000,0,000000
FSKDPORRTÑ,FSK,Canada,Peso,25,0,995562762,1,1,1,1,1,1,162,000000,0,000000
WGW WPEC,WGW,Estados Unidos,Dolar,117,2,982819718,1,1,1,0,1,0,793,000000,0,000000
QMQBLHFKBA,QMQ,Peru,Dolar,43,0,989282055,0,1,1,1,0,1,816,000000,0,000000
VPNPYKRHBK,VPN,Colombia,Sol,212,7,970561226,1,0,1,1,1,1,125,000000,0,000000
HKTLDQYKUM,HKT,Mexico,Euro,248,6,995770025,1,1,1,1,1,0,152,000000,0,000000
IKTZZQ NC,IKT,Estados Unidos,Euro,225,9,975522897,0,1,1,1,0,0,365,000000,0,000000
YHDH LA S,YHD,Canada,Peso,173,7,991140331,1,0,1,0,1,1,25,000000,0,000000
MKTBJSLKBF,MKT,Canada,Sol,162,0,992762254,0,1,1,1,1,1,462,000000,0,000000
VYXOMÑTXP,VYX,Canada,Sol,73,6,988156238,1,1,1,1,0,0,187,000000,0,000000
ÑBY RM GL,ÑBY,Colombia,Peso,107,4,952912499,1,1,1,1,0,1,897,000000,0,000000
CDÑAD RZRT,CDÑ,Peru,Peso,59,1,975046745,1,1,1,1,1,0,405,000000,0,000000
CZEDCBABCG,CZE,Colombia,Sol,186,4,914605809,0,1,1,0,0,0,909,000000,0,000000
HWHEQJPHFF,HWH,Peru,Dolar,59,4,972042343,1,1,1,1,0,0,263,000000,0,000000
IDÑZIMZVFB,IDÑ,Italia,Dolar,147,2,986388587,0,0,1,0,0,1,471,000000,0,000000
VIDOJWCVN,VID,Mexico,Dolar,76,4,923124497,0,0,1,0,0,1,538,000000,0,000000
WIDRISMPXY,WID,Colombia,Dolar,189,3,906853986,0,1,1,1,0,1,605,000000,0,000000
PIWGXNYGF,PIW,Mexico,Peso,19,5,942664614,0,0,1,0,1,1,811,000000,0,000000
AXHFYLJE,AXH,Canada,Peso,194,9,964755499,0,1,1,1,0,1,617,000000,0,000000
CEÑIEZEQYP,CEÑ,Colombia,Dolar,12,1,917300483,0,1,1,1,0,1,885,000000,0,000000
TOQXKYDTFR,TOQ,Estados Unidos,Euro,169,7,989897919,1,0,1,0,1,1,314,000000,0,000000
MDJKABGQOW,MDJ,Italia,Sol,53,1,900821072,1,0,1,1,0,1,384,000000,0,000000
QAM T HV ,QAM,Estados Unidos,Euro,201,6,914329551,1,0,1,0,1,1,563,000000,0,000000
TRNUETKPUN,TRN,Mexico,Sol,199,2,976844853,1,0,1,0,0,0,912,000000,0,000000
YDJBNZVJFB,YDJ,Peru,Dolar,58,9,922875787,1,0,1,0,1,1,577,000000,0,000000
TMADJKDX,TMA,Peru,Peso,189,3,907640259,0,1,1,1,1,1,107,000000,0,000000
YGZQ UCEZM,YGZ,Francia,Sol,11,0,908678338,0,0,1,0,1,0,706,000000,0,000000
EEJHFCSACZ,EEJ,Francia,Dolar,160,8,999942087,0,1,1,0,1,0,421,000000,0,000000
OPQX KAUGC,OPQ,Argentina,Dolar,26,8,921939721,1,0,1,1,0,1,450,000000,0,000000
CFÑOVZHSEK,CFÑ,Brazil,Sol,230,5,987548602,0,0,1,1,1,1,959,000000,0,000000
PSNZNE OE,PSN,Italia,Peso,158,7,963521796,1,1,1,1,0,1,804,000000,0,000000
HHGGAJYWNR,HHG,Espanha,Euro,224,4,918016895,1,0,1,0,0,1,454,000000,0,000000
TEJQVBWLU,TEJ,Colombia,Euro,111,6,992033666,0,0,1,0,0,0,987,000000,0,000000
SHGZGHBGLR,SHG,Brazil,Dolar,133,8,942758409,0,0,1,1,0,0,103,000000,0,000000
TKDRNPNVH,TKD,Estados Unidos,Peso,49,3,968570875,0,0,1,0,1,0,100,000000,0,000000
GTNT PPTD,GTN,Peru,Peso,5,3,970179777,0,0,1,1,1,1,902,000000,0,000000
AGÑBGUSADT,AGÑ,Argentina,Euro,13,6,904946036,0,0,1,0,0,1,214,000000,0,000000
LTNJ YQFWR,LTN,Argentina,Dolar,183,9,995521875,0,1,1,0,0,0,973,000000,0,000000
WGÑBP   T ,WGÑ,Francia,Peso,87,4,991480899,1,1,1,1,0,0,638,000000,0,000000
TIZMJXQEA,TIZ,Brazil,Sol,139,0,901850892,0,0,1,1,1,0,736,000000,0,000000
BGJUYVF H,BGJ,Colombia,Dolar,97,9,961586276,0,0,1,1,0,1,673,000000,0,000000
